video_id,search_query,title,channel,published_at,views,likes,comments,publish_year,publish_month,title_length,engagement_total,engagement_ratio
j8PDTJNaPc0,animation short film,"CGI Animated Short Film: ""Don't Croak"" by Daun Kim | CGMeetup",CGMeetup,2019-10-10 18:18:13+00:00,63873502,286845,5536,2019,10,61,292381,0.004577500698176844
Wlf1T5nrO50,animation short film,The Bread - Animated Short Film by GULU,GULU Animation,2021-07-04 17:00:25+00:00,71228405,165930,4641,2021,7,39,170571,0.0023947047529703914
lTxn2BuqyzU,animation short film,"CGI Animated Short Film: ""Watermelon A Cautionary Tale"" by Kefei Li & Connie Qin He | CGMeetup",CGMeetup,2019-02-04 19:14:02+00:00,214541347,406064,17444,2019,2,94,423508,0.001974015759302565
RHZgEurs9hE,animation short film,MISMATCHED - Short Animated Film,Jackie Droujko,2022-12-09 17:00:09+00:00,1457463,86244,793,2022,12,32,87037,0.05971815408006927
j6PbonHsqW0,animation short film,The Egyptian Pyramids - Funny Animated Short Film,Les Pyramides d'Égypte,2014-04-03 22:56:04+00:00,25468535,211318,1584,2014,4,49,212902,0.008359412899092939
w7brpxPmvhU,animation short film,Foundling | Award Winning Animated Short Movie,Nina Podlesnyak,2025-10-01 13:01:54+00:00,1381829,23044,564,2025,10,46,23608,0.01708460308764688
doPV-Shqm7k,animation short film,"CGI Animated Short Film: ""Swing to the Moon"" by ESMA | CGMeetup",CGMeetup,2024-03-31 13:30:08+00:00,1457207,16312,389,2024,3,63,16701,0.011460966081002905
07d2dXHYb94,animation short film,Pip | A Short Animated Film by Dogs Inc,Dogs Inc,2018-10-24 20:00:14+00:00,544985304,1928000,42064,2018,10,39,1970064,0.003614893806384181
JkMCMlVdUT8,animation short film,"CGI Animated Short Film: ""Ice Pepper"" by ESMA | CGMeetup",CGMeetup,2018-11-13 20:43:19+00:00,7154449,70301,0,2018,11,56,70301,0.00982619346367554
NudUBj1w7z4,animation short film,BOUNTY (Animated Short Film),arrowmi,2021-03-01 17:00:23+00:00,2971583,166838,1914,2021,3,28,168752,0.05678858709314194
TvRhfaouBHs,animation short film,"CGI Animated Short Film: ""Mind Games"" by Jiaqi Emily Yan | CGMeetup",CGMeetup,2018-12-21 20:31:04+00:00,125859839,336277,3233,2018,12,67,339510,0.00269752450581158
O515YeHQhYE,animation short film,NICCOLO - Animation Short Film 2025 - GOBELINS,GOBELINS Paris,2025-10-08 15:00:06+00:00,1372272,170670,2232,2025,10,46,172902,0.12599688691454755
B4EPW7JUMTM,animation short film,FOREVERGREEN — Academy Award®–Nominated Animated Short Film | Now Streaming for a Limited Time,Forevergreen Film,2025-11-21 17:00:06+00:00,4005109,102556,2661,2025,11,94,105217,0.026270695753848397
nCKwUB8EVbc,animation short film,CEREAL! - Animated Student Film,XrayAlphaCharlie,2024-12-15 06:30:06+00:00,1286532,86065,1513,2024,12,31,87578,0.06807292784011591
9OhUJyF1bYo,animation short film,Cute CGI 3D Animated Short Film ** DUST BUDDIES **- Funny Animation by Ringling College,Mad Artist Publishing CGI & Films,2017-04-06 18:00:00+00:00,37473737,119869,1879,2017,4,87,121748,0.0032488886816919274
3OhpOJjYZtU,animation short film,Pumpers' Paradise: At the Funeral - Animated short film (2019),Filmakademie Baden-Württemberg,2021-07-10 08:00:00+00:00,20941160,247208,1518,2021,7,62,248726,0.011877374510294558
gTs_gedpGUs,animation short film,Zootopia - Frostline | Full Fan Film,TwosAnimations,2026-01-26 22:05:31+00:00,3900362,41759,832,2026,1,36,42591,0.010919755653449603
WIPV1iwzrzg,animation short film,"Disney-Pixar ""PIPER"" - Cute Motivational short movie.",E4 IMAGINATION,2018-12-12 12:47:20+00:00,3907242,37069,526,2018,12,53,37595,0.009621876505217748
Cxt2szmCAcg,animation short film,Loopy. The Day of Change | Animated Short Film by Talisman Animation,Talisman Tales,2025-10-23 17:00:06+00:00,497249,5002,309,2025,10,68,5311,0.010680765572178124
jXHOHOYkbYc,animation short film,Andy: A Dog's Tale | Full Film | Canine Companions #animation #puppy #servicedog,Canine Companions®,2024-09-27 17:35:46+00:00,18675357,62637,1240,2024,9,80,63877,0.0034203897681848866
jrANEMUx0Ms,animation short film,Banana - Animated Short Film by GULU #banana #animation #cartoon,GULU Animation,2026-01-18 06:13:49+00:00,77645,378,31,2026,1,64,409,0.0052675639126795026
y0SdPSYRfK4,animation short film,Rainy Story | Short Animated Film,Talisman Tales,2025-06-07 14:13:26+00:00,198569,3955,206,2025,6,33,4161,0.020954932542340446
7WbbwrrRSTg,animation short film,last night ★ [animated short film],rutopa,2025-06-30 16:00:06+00:00,1509512,155060,2879,2025,6,34,157939,0.10462917817148853
_nbVTUYVKxg,animation short film,For The Birds (1080p) (Pixar Short Films),Smoker,2017-06-29 17:41:56+00:00,3670229,18743,896,2017,6,41,19639,0.005350892274024318
38y_1EWIE9I,animation short film,Snack Attack,Eduardo Verastegui,2016-06-14 20:41:39+00:00,69063406,965188,18406,2016,6,12,983594,0.014241898234790216
dU1zusahu1c,animated short,옷을 없애는 마술쇼...! #animation #memes,HOWCOW uuu,2025-05-19 10:01:12+00:00,51295822,703505,10849,2025,5,32,714354,0.013926163421262652
WAvchbP2kXM,animated short,FREELANCE - Animated Short Film,#LollypopMan,2024-10-28 20:30:06+00:00,2349466,101433,2700,2024,10,31,104133,0.04432198635775108
DMh2ue1mLx8,animated short,Naruto &. Hinata / Naruto Parody (All characters are over 18 years old),Anishok 2,2024-02-08 19:19:31+00:00,78372704,1802134,5007,2024,2,71,1807141,0.023058295908738837
fzrfrXhE-w4,animated short,Sam | The Short Animated Movie,Mickael Bonfill,2014-05-09 15:34:29+00:00,119255485,512836,13711,2014,5,30,526547,0.004415285384986695
UfkQnOumwn4,animated short,hit my hand  #animation #comics #cartoon #shorts #funny,杰克大魔王㊣,2024-09-24 10:00:31+00:00,13320380,544190,1269,2024,9,55,545459,0.04094920715475084
uL1DSILbO_o,animated short,3 True McDonald's Horror Stories Animated,IMR Scary Tales,2026-04-10 15:01:48+00:00,9181,847,77,2026,4,41,924,0.10064263152162074
DT8UCBBbU9M,animated short,when she hears the console turn on #shortsfeed #animation #shorts,Brio shorts,2025-09-28 19:05:33+00:00,22066421,1230167,10320,2025,9,65,1240487,0.05621604881009023
ipxkqTZj6P8,animated short,failed strategies of predator mosquito! 🤣 (best animation memes) #shorts,Avenu Animations,2024-10-05 16:00:46+00:00,47117545,873171,1695,2024,10,72,874866,0.018567733102393173
dcKt0vrp53o,animated short,GASLIGHT | Animated Short Film 2021,Gaslight Animated Short,2021-11-19 16:00:32+00:00,5325359,125944,3604,2021,11,35,129548,0.024326622862421106
RtU8nBnpFVE,animated short,Wings | Animated Short Film | SVA Thesis,Gothfrog,2019-08-27 19:00:11+00:00,11015120,666796,14149,2019,8,40,680945,0.061819117721822366
5L4DQfVIcdg,animated short,Coin Operated - Animated Short Film,Two Ghosts,2018-11-13 17:21:20+00:00,24924590,150197,5375,2018,11,35,155572,0.006241707486462165
XrXSFP4UkMk,animated short,Best Couple 😊 Witch Bunny Edit #animation #shorts,ANMESLAER,2024-05-10 23:40:24+00:00,3622048,207928,549,2024,5,49,208477,0.05755776842272659
ichHA_clJCk,animated short,guess whose outfit is whose [ash and z] | #animation #shorts #originalcharacters,XrayAlphaCharlie,2025-05-04 06:51:01+00:00,13813388,446889,1888,2025,5,80,448777,0.032488553858039754
xT4NL5nn3bM,animated short,The ballerina and the boxer…,Sussy Recap,2024-05-03 22:00:35+00:00,17166147,0,2329,2024,5,28,2329,0.00013567401001517696
3MnvyBi1KDU,animated short,WALTER - Animated Short Film,lorenzo fresta,2020-12-29 16:27:48+00:00,2017239,87592,1328,2020,12,28,88920,0.044080051991856196
eItK3m0FBes,animated short,it's just.. damage. | #animation #shorts,XrayAlphaCharlie,2023-01-30 04:17:47+00:00,9019951,619960,3778,2023,1,40,623738,0.0691509299773358
qmS1Ptyizx0,animated short,he thought he slick #deluluart #manhwa #delulu #webtoon #booktok #animatic #animation,AKA_ANIMATES ,2025-09-13 18:02:04+00:00,5750416,134478,800,2025,9,85,135278,0.0235249067197921
AGkCRnlGppo,animated short,We have to stand up for eachother. Short Animation,Emilyxvrs,2023-01-11 07:30:15+00:00,6586976,566987,6207,2023,1,50,573194,0.08701929383073508
ErZ57wYs_AE,indie animation,Punctured Souls 8 😱,thelovelyhorrorshow,2024-09-21 00:54:40+00:00,42263904,296492,205,2024,9,19,296697,0.00702010396389316
54Gwlgem5XY,indie animation,"Why is Indie Animation Dialogue ""Like That?""",The Roundtable,2026-03-31 23:43:23+00:00,330849,19066,1599,2026,3,44,20665,0.062460518242461065
wAr2ICdeCrs,indie animation,WE'RE CREATING AN INDIE ANIMATION PILOT!!,ChristianAnimations Studios,2025-11-16 14:43:07+00:00,34601,2998,553,2025,11,41,3551,0.10262709170255195
ISDcNOtk8b0,indie animation,Watering pants instead of plants #balloontoons #animation #loop,Balloon Toons,2022-12-31 03:00:04+00:00,231356661,2868397,15442,2022,12,63,2883839,0.012464905862381892
-Pb23R02H4w,indie animation,Sprunki Durple Chocolate TRICK,Cat the Star,2025-01-17 09:34:37+00:00,24334116,195391,128,2025,1,30,195519,0.00803476896386949
C6cSNz1tDJ4,indie animation,Para(NOT!)Normal - The Animated Pilot,Keyan Carlile Animation,2026-03-13 19:00:06+00:00,171213,18402,1329,2026,3,37,19731,0.11524241733980481
9D7waet8SCQ,indie animation,This Indie Cartoon is CREEPY!,Saberspark,2025-10-10 17:00:24+00:00,103711,7789,192,2025,10,29,7981,0.07695422857748938
1QFipP6LZnk,indie animation,This New Indie Animation Surprised Me! Wastelandia Pilot Review,Ayy Lmao,2025-08-25 01:38:26+00:00,1128482,123935,1278,2025,8,63,125213,0.11095702013855782
4jmjN6UPCcQ,indie animation,Why Indie Animation Is So GOOD,S1UMP,2025-10-08 21:45:01+00:00,24570,674,11,2025,10,30,685,0.02787952787952788
nYSncFx8_HE,indie animation,OverRated IndieSlop,Silverfox1232,2026-03-19 16:30:06+00:00,77905,4087,3706,2026,3,19,7793,0.10003209036647198
XczLsAKWABE,indie animation,Why do Fandoms Dislike Us? #fandoms #anime #cartoons #indie #shortfilms,Rosetta Sun,2024-04-14 04:17:14+00:00,1315070,110892,4018,2024,4,71,114910,0.08737937904446151
bL_ZeSe1N2k,indie animation,4 Indie Shows that GLITCH could pick up,Ayy Lmao,2025-10-13 00:58:44+00:00,665910,57118,1297,2025,10,39,58415,0.0877220645432566
uZC9t3OTu_c,indie animation,HEATHENS (PILOT),Studio Psycho,2025-11-14 22:00:06+00:00,3181435,410865,16505,2025,11,16,427370,0.13433246318092307
AhlGN7vVFPM,indie animation,Golden wish (A or B?)  | Funny Animation😂,4M Animation,2023-03-01 17:18:03+00:00,100646604,2768920,5978,2023,3,41,2774898,0.02757070670760039
ygzCPJDiwVY,indie animation,What Counts as Indie Animation & Why Do People Care?,Cartoon Universe,2026-02-03 15:55:36+00:00,19271,1293,183,2026,2,52,1476,0.07659177001712418
LT84BuV5Qe4,indie animation,Ranking Every Indie Animation Show On Youtube In 2024 (Worst to Best),Mark Morton,2024-10-25 17:37:58+00:00,40418,921,377,2024,10,69,1298,0.03211440447325449
LihGgfYp8vI,indie animation,Indie Animation is Rising Up,Vailskibum,2026-03-18 19:00:21+00:00,68887,5139,689,2026,3,28,5828,0.08460231974102515
d-zS9zDLgJg,indie animation,Indie Animation Keeps Getting CRAZIER...,The Roundtable,2026-03-20 22:35:50+00:00,42891,2909,191,2026,3,40,3100,0.07227623510759833
8VGNLcMbEBw,indie animation,Indie Animation Community Vs MrBeast  #animation #indieanimation #mrbeast #karljacobs,Sold,2025-03-30 15:45:00+00:00,856330,58405,874,2025,3,85,59279,0.06922448121635351
ufYaHH3epqY,indie animation,Independent Animators Are Taking Over,mjtanner,2026-03-22 19:45:45+00:00,16325,1253,176,2026,3,37,1429,0.08753445635528331
sNk4nsWkmO0,indie animation,Here’s why we’re NOT animating like Disney…👀✍️#indiegame #animation #indiedev,Cup Dragon,2025-08-06 23:16:00+00:00,1379094,153837,493,2025,8,77,154330,0.11190680258198499
yf2tBjHvx9s,indie animation,ERSATZ | PILOT,saint greaver,2026-01-10 23:00:06+00:00,1206201,174476,6581,2026,1,14,181057,0.1501051648937449
RaZiJXwc5fg,indie animation,Why Indie Animators Like Vivziepop Are Turning to Amazon,MrBooone,2025-07-05 15:00:44+00:00,10616,358,65,2025,7,56,423,0.03984551620195931
kfvldrZoAr4,indie animation,Life with ✨Friends✨ ~ KPDH Animation #shorts,Livani's Studio,2025-10-26 18:00:45+00:00,49650378,795963,4511,2025,10,44,800474,0.01612221361134451
OpBo4trl-pU,cartoon short film,Masha and the Bear 2026 🌈🗻 Why Should We Protect Planet Earth? 🥾🌍 Best episodes collection 🎬,Masha and The Bear,2026-04-08 08:00:00+00:00,1111078,4144,0,2026,4,92,4144,0.0037297111453921325
Ba5oB-kqXxY,cartoon short film,Hungry Caterpillar Adventure | Follow Traffic Rules | Safety Rules | Cartoon | Sheriff Labrador,Sheriff Labrador - Kids Cartoon,2026-04-10 11:00:06+00:00,220521,780,0,2026,4,95,780,0.0035370781014053086
U-L9ge1Isdk,cartoon short film,Learn Good Manners 🤝💕 | Sharing Is Good Habits | Baby Cartoon  #toddlersongs #shorts #kidssongs,Jugnu Kids PlayTime - Nursery Rhymes & kids songs,2025-10-03 05:00:36+00:00,97033484,464065,0,2025,10,95,464065,0.004782524350048072
WN1FhKMgeLU,cartoon short film,Rain Rain Go Away + More Nursery Rhymes & Kids Songs / Cartoons Nick,Nick,2025-06-30 11:00:57+00:00,83936837,253528,0,2025,6,68,253528,0.0030204616835871477
mslNQske1_k,cartoon short film,Spicy Food Fire Breath | Teen Titans Go! | Watch more on Cartoon Network #Shorts,Cartoon Network UK,2024-08-15 09:00:48+00:00,243672570,2099638,0,2024,8,80,2099638,0.00861663666123766
6LM2Fi2aOTw,cartoon short film,How To Get A FREE CAKE!! 🎂 #shorts #morphle #kids #cartoons Morphle Kids Cartoons,After School Club,2025-05-18 17:00:06+00:00,84997756,484146,0,2025,5,81,484146,0.005695985668139286
HvlUp6FH-Hg,cartoon short film,Bear Fractions | Grizzy & the Lemmings | 30' Compilation | 🐻🐹 Cartoon for Kids,Grizzy & les Lemmings,2026-04-10 10:01:40+00:00,634662,2985,0,2026,4,78,2985,0.004703290885542225
qHg47i4Rp6E,cartoon short film,Punctured Souls 7 😱,thelovelyhorrorshow,2024-09-15 18:18:46+00:00,341892086,2011435,944,2024,9,19,2012379,0.005886006381557484
vWrLiEFNOvc,cartoon short film,#cartoon #animation #shorts #viralvideo,Ai Byte Studio,2026-04-09 19:17:27+00:00,572238,8959,16,2026,4,39,8975,0.01568403356645312
1dICDTtQ4J0,cartoon short film,Kids Learn Brush Your Teeth ( Gorilla ) | Dentist Song | Baby Cartoon Kids Song #shorts #kidssongs,LaLa Leo - Jugnu Kids Nursery Rhymes Songs,2026-04-10 05:00:03+00:00,849271,8158,0,2026,4,98,8158,0.009605885518285683
uNE_pJcy3uE,cartoon short film,Life Doodles | Sausage is cut into ice creams #lifedoodles #shorts #animation #cartoon,Life Doodles short,2025-05-13 10:01:33+00:00,122645862,658795,412,2025,5,86,659207,0.005374881706159805
GzU9xWnZ7hg,cartoon short film,Wheels on the Car Broke Down! Nursery Rhymes Children Songs Koka TV #childrensongs #toddlersongs,Koka TV Nursery Rhymes,2025-07-27 13:00:34+00:00,383308120,2017131,0,2025,7,96,2017131,0.0052624269999811115
X9cdEv0iWJ0,cartoon short film,Let’s Help Each Other Everywhere + Apple & Bananas | Baby Cartoon Nursery Rhymes #Shorts #kidssongs,Jugnu Kids PlayTime - Nursery Rhymes & kids songs,2025-09-02 05:00:29+00:00,78616701,576637,0,2025,9,99,576637,0.007334790097590078
-ZHRyoF0X_4,cartoon short film,MIND-BLOWING Animation Secrets Revealed in Operation on Melon,GOODLAND,2024-10-17 10:00:00+00:00,114194912,1523269,1063,2024,10,61,1524332,0.01334851065868854
x6XOASWoW2U,cartoon short film,BEACH GUMBALL MACHINE Song!🏖️ | Fun Nursery Rhymes For Kids | Learn Colors w/@AnimalSketch​,AnimalSketch,2025-10-28 16:31:42+00:00,643422370,4346721,0,2025,10,91,4346721,0.006755626168235338
1Zcvyft5-dQ,cartoon short film,Even bees love chocolate! 💖🍫 #Wellbeeing #MashaAndTheBear #Shorts #cartoonforkids #kids,Masha and The Bear,2024-07-27 08:00:01+00:00,266815021,2280425,0,2024,7,87,2280425,0.008546838897799535
0Psa316_K88,cartoon short film,We Build Amazing Doll House Rich vs Broke Challenge | Funny Decoration Ideas by Multi DO Girls,Multi DO GIRLS,2026-04-08 15:05:00+00:00,527554,1889,34,2026,4,94,1923,0.003645124480148004
573H8TILOSA,cartoon short film,Chingwinwin 🤣🤣🤣  (4k memes) #shorts #cartoon,Rico Animations,2024-12-03 16:45:46+00:00,7198138,303430,1545,2024,12,44,304975,0.04236859587854526
tdWZsirQed0,cartoon short film,New TATA Mahindra Thar Riverside Accident Pulling Out Jcb 3dx? Tractor Cartoon | Jcb Cartoon Video,AJ TOYS,2026-04-10 03:15:10+00:00,63333,84,0,2026,4,98,84,0.0013263227701198427
le18p2jK7pc,cartoon short film,MAIZEN : JJ is KIDNAPPED by LILY LOVEBRAIDS - Minecraft Animation JJ & Mikey,Temma Animation,2026-04-10 09:01:13+00:00,130704,891,6,2026,4,76,897,0.006862835108336394
zpqmF24SjaU,cartoon short film,Bubble Gum Episode | Animation Shorts For Children | Cartoons For Kids |#youtubeshorts #tootooboy,Videogyan Kids - Cartoon Shows,2023-02-26 13:00:39+00:00,1709643299,16928190,0,2023,2,97,16928190,0.009901591758878354
805bWh6cVBk,cartoon short film,Tawa Chicken Biryani Paratha Biryani Stuffed Paratha = Biryani Paratha Street Food Hindi Kahaniya,Khushi - Hindi Stories Super Comedy Videos,2026-04-10 02:00:09+00:00,19857,244,6,2026,4,97,250,0.012590018633227578
AeOTmDFFm2o,cartoon short film,Kids Learn Wash Your Hands | Fight with Germs | Baby Cartoon Nursery rhymes #shorts #kidssongs,Jugnu Kids PlayTime - Nursery Rhymes & kids songs,2026-04-10 05:00:09+00:00,475891,5170,0,2026,4,94,5170,0.0108638322641109
5wYp-WgV06M,cartoon short film,Rabbit Went Over The Mountain | Nursery Rhymes Cartoon Kids Songs | #nurseryrhymes #babysongs,Jugnu Kids PlayTime - Nursery Rhymes & kids songs,2025-09-11 04:58:01+00:00,48728541,343241,0,2025,9,93,343241,0.007043941660391597
bZTYiNoJ0CI,cartoon short film,Chunnu Munnu They Do Bhai | Billi Mausi | Bandar Mama | Hindi Cartoon Nursery Rhymes &  Kids Song,Jugnu Kids - Nursery Rhymes and Best Baby Songs,2026-04-09 01:32:00+00:00,228720,669,0,2026,4,97,669,0.0029249737670514167
IZxua9LhGmQ,2d animation short,Top Animator Reveals AMAZING AI and Hand Drawn Animation Differences,Hayk_Animation,2025-03-19 17:23:55+00:00,12270738,627023,6773,2025,3,68,633796,0.0516510090917107
VZcJZ0yCTz4,2d animation short,How I Create VIRAL 2D Animation Shorts Using AI,AI Playground,2025-12-19 08:17:55+00:00,26808,979,75,2025,12,47,1054,0.039316621903909284
lFZqix5c25k,2d animation short,How To Make Viral 2D Animation Shorts With AI (Full Course),Money Groot,2025-12-03 12:31:16+00:00,200997,10952,568,2025,12,59,11520,0.0573142882729593
-50av3iMAhM,2d animation short,10 Best 2D Animation Software for 2026!,TopDigitalTools,2025-10-25 13:00:00+00:00,58941,1218,75,2025,10,39,1293,0.021937191428716852
S8cHIEw_mYI,2d animation short,Create Faceless 2D Animation Shorts with AI from Scratch (Full Blueprint!),AI Upskill,2026-01-28 13:45:04+00:00,43519,2093,530,2026,1,74,2623,0.06027252464440819
kK86fgHfmes,2d animation short,How to Make 2D AI Animations in 2025: Best Workflow,Emmanuel Crown,2025-12-03 13:01:37+00:00,44451,1350,70,2025,12,51,1420,0.031945288070009674
OcGy7QwN3Lc,2d animation short,ahh! Bear is such a menace!! #art #animation #animations #2Danimation #2dcharacterdesign #artist,The Living Artcade,2024-06-24 00:40:49+00:00,66096129,2230157,9107,2024,6,96,2239264,0.03387889780958277
tbFre7hDu9s,2d animation short,Why Hollywood Hates 2D Animation,Beyond Drawings,2025-06-09 03:08:32+00:00,249224,10028,854,2025,6,32,10882,0.043663531602092895
xOXolSQcEb4,2d animation short,SNOW BEAR - A Hand-Drawn Animated Short Film (4K) by Aaron Blaise,The Art of Aaron Blaise,2025-11-28 17:00:07+00:00,4742056,386537,18878,2025,11,65,405415,0.08549350745752475
FsQVPgr8mi0,2d animation short,Case of the Missing Skates Part 1 #animation #animator #characterart #2Danimation #digitalart #art,The Living Artcade,2024-10-11 20:17:26+00:00,21872707,633846,2178,2024,10,98,636024,0.02907843094135536
MAoYd6TANhg,2d animation short,Make SMOOTHER animation!! #2danimation #animation #animationstyle #animationtechnique,Alex Grigg // Animation for Anyone,2024-10-28 04:51:36+00:00,935668,138693,222,2024,10,85,138915,0.14846612259904154
Q__ttOZQgCY,2d animation short,How To Make Viral 2D Animation Shorts (Step by Step),Money Groot,2026-01-25 12:30:37+00:00,45946,2073,257,2026,1,52,2330,0.05071170504505289
TLSz2umeMd8,2d animation short,This AI Animation Workflow is Getting Wild #ai #2danimation #handdrawnanimation #sketching #comfyui,AnimatedCompany,2025-06-05 14:10:24+00:00,412288,2414,213,2025,6,99,2627,0.00637175954672462
PBetIJiKz5Y,2d animation short,How Shows Like Rick and Morty Are Animated #animation #2danimation,Zaid A,2024-10-19 15:00:32+00:00,168134,8100,46,2024,10,66,8146,0.048449451033104544
5epzCprCdGc,2d animation short,Blender 2D Animation Tutorial for Beginners (Grease Pencil Tutorial),Jesse J. Jones,2023-08-03 15:00:08+00:00,1475206,43647,1086,2023,8,68,44733,0.03032322265500547
yaOEsAOnq7s,2d animation short,Blender 2D Animation Basics for Beginners - Grease pencil guide,PolyPaint,2024-09-24 11:28:52+00:00,1021766,46069,741,2024,9,63,46810,0.04581283777303218
OzUnqQk4eOg,2d animation short,2D Animation Reel 2022,Curie Lu,2023-01-01 02:33:37+00:00,2464483,155768,1159,2023,1,22,156927,0.06367542401388039
b3Cj-328dKw,2d animation short,How I Combine 2D Animation With Stop Motion,Loft Studios,2025-03-07 20:54:46+00:00,2099919,51279,358,2025,3,43,51637,0.02458999609032539
KKmJIXtW-z0,2d animation short,2D animation is dead but…,Animation Hustle,2026-01-10 00:33:08+00:00,10897996,680052,6439,2026,1,25,686491,0.0629924070443777
Pn4oOD__tmE,2d animation short,My Animation Teacher Tried to Tell Me...,Proko,2023-06-22 15:43:58+00:00,3808340,431610,1255,2023,6,40,432865,0.11366238308554383
PvAX6S-QS6w,2d animation short,"I Copied This Viral 2D Animation Channel with AI ($5,348 this month)",Mira AI,2026-01-23 17:57:20+00:00,20516,0,13,2026,1,68,13,0.0006336517839734842
NlRpsfqLaFw,2d animation short,Learning 2d animation for 1 month,Haden Finn,2025-05-09 07:21:40+00:00,486155,33389,770,2025,5,33,34159,0.07026359905791363
WSlDHf8KgSc,2d animation short,30 seconds of instant depression 💔 #2danimation #studentfilm #shortfilm #animationstudent,flumazee,2025-06-24 17:24:54+00:00,9182811,448964,2080,2025,6,89,451044,0.04911829286261037
YvrXe9Xu5n4,2d animation short,Blender 2D Animation Basics for Beginners -  Full Grease Pencil Course Trailer!,PolyPaint,2026-03-17 14:00:53+00:00,49581,3458,167,2026,3,79,3625,0.07311268429438696
Nr2YlGJedYY,2d animation short,The Wonders of 2D Animation,ryan Kovar,2017-01-06 05:52:07+00:00,90744,1406,164,2017,1,27,1570,0.017301419377589704
UreXA3uIgCU,animated music video,Toxic love 💔💔 @SkyeWei1 #originalcharacter #art #helluvaboss #animation #relationship,Raaz24,2025-04-27 01:30:19+00:00,4838982,154477,1294,2025,4,85,155771,0.032190861631640706
lX44CAz-JhU,animated music video,"SIAMÉS ""The Wolf"" [Official Animated Music Video]",SIAMES,2017-04-21 21:30:36+00:00,237728474,2249945,50607,2017,4,49,2300552,0.009677225286862356
N000qglmmY0,animated music video,Dua Lipa - Levitating (Official Animated Music Video),Dua Lipa,2021-09-13 13:46:23+00:00,22660942,603319,17120,2021,9,53,620439,0.027379223688053216
Z9ZlS7i2Xvc,animated music video,"SIAMÉS ""My Way"" Single Version [Official Animated Music Video]",SIAMES,2024-02-10 17:00:07+00:00,4974647,104683,1431,2024,2,62,106114,0.021330960769678733
13EPS_FkMoI,animated music video,SPIT IT OUT - Animated Music Video,bb-panzu,2025-06-22 20:21:35+00:00,3271742,125830,3120,2025,6,34,128950,0.03941325446810904
dYIqX7ZLMyE,animated music video,bbno$ - ADD (official music video),bbno$,2025-10-07 20:00:07+00:00,3711059,204832,4184,2025,10,34,209016,0.056322467522073885
EIyixC9NsLI,animated music video,Badgers : animated music video : MrWeebl,Weebl's Stuff,2008-06-28 09:34:55+00:00,35075798,332930,40997,2008,6,40,373927,0.01066054149359624
IaLJbIxQ6hY,animated music video,"SIAMÉS ""Alone In The Darkness"" [Official Animated Music Video]",SIAMES,2024-07-25 18:00:08+00:00,3725740,86671,1594,2024,7,62,88265,0.02369059569374138
RSL6KqWKFvo,animated music video,Elley Duhe - MONEY ON THE DASH | Animated Video,MrMoMMusic,2025-05-20 20:04:50+00:00,40912564,520438,6439,2025,5,47,526877,0.012878122231596142
EKLWC93nvAU,animated music video,"SIAMÉS ""Mr. FEAR"" [Official Animated Music Video]",SIAMES,2018-10-31 20:59:12+00:00,61579906,703090,13971,2018,10,49,717061,0.011644399067449048
hP1RArw7Swg,animated music video,Trap 3 Little Pigs (Animated Music Video),Kyle Exum,2025-01-24 22:00:07+00:00,12220965,147420,10720,2025,1,41,158140,0.012940058334182285
j3plj_Xplus,animated music video,"The Archies - Sugar, Sugar (Official Animated Music Video)",TheArchiesVEVO,2022-08-02 16:41:42+00:00,15581310,178116,5181,2022,8,58,183297,0.011763901751521534
sqsO0dLpmVM,animated music video,How to Make a Viral Animated AI Music Video (100% Free!),101 Designs,2025-07-27 18:15:05+00:00,9924,242,19,2025,7,56,261,0.02629987908101572
4kzxy8eIjLI,animated music video,AMONG US 🎵 Minecraft Animation Music Video [VERSION A] (“Lyin’ To Me” Song by CG5),EnchantedMob,2021-02-26 18:00:41+00:00,131998852,923367,24381,2021,2,82,947748,0.007179971534903955
vOXZkm9p_zY,animated music video,Imagine Dragons - Birds (Animated Video),ImagineDragonsVEVO,2019-07-24 04:00:04+00:00,359144428,3048506,56706,2019,7,40,3105212,0.00864613720249615
EkhQF4LwTHU,animated music video,Die With a Smile. (Lore) #art #originalcharacter #ocartist #edit #artist #animation #oc #digitalart,Zeyn_Syre,2025-05-19 13:16:58+00:00,2142962,120441,2048,2025,5,99,122489,0.05715873636583383
0ZNsNGz-bH4,animated music video,From the Start 💌 Animated MV ( Original Characters ),stariitoons,2023-11-10 16:45:54+00:00,3533111,175347,2727,2023,11,52,178074,0.05040147337573034
f1_0MavSJNc,animated music video,Bruno is Orange | Full Animated Music Video,Draikinator,2021-12-03 18:00:11+00:00,6178554,183387,3051,2021,12,43,186438,0.03017502153416479
FmYXsAp8Tu0,animated music video,"""Do or Die"" - Dream Manhunt Minecraft Animated Music Video",Cubical,2022-03-19 19:30:55+00:00,33791280,357309,8259,2022,3,58,365568,0.010818412324126224
uYuPiLgcMt8,animated music video,PUNK TACTICS -- Animated Music Video (Unofficial),LankyMF,2025-11-08 07:00:06+00:00,860024,73165,2149,2025,11,49,75314,0.08757197473558878
9RHFFeQ2tu4,animated music video,Fever The Ghost - SOURCE (official music video),Felix Colgrave,2014-10-13 20:20:51+00:00,56446494,840207,19749,2014,10,47,859956,0.0152348877505129
5QlGCHVrEYU,animated music video,"""Purple Girl"" (I'm Psycho) [VERSION B] - Minecraft Animation Music Video",EnchantedMob,2023-09-02 15:00:08+00:00,82611386,485932,17191,2023,9,72,503123,0.006090237972765642
lO0q-5sBm0k,animated music video,Woody Walk (Animated Music Video),Kyle Exum,2024-05-20 21:28:10+00:00,6519351,71123,3745,2024,5,33,74868,0.011483965198376342
_ON0MJEIzSE,animated music video,Joyful - Chess (Animated Music Video),Joyful,2026-01-14 21:00:19+00:00,14983630,216177,6907,2026,1,37,223084,0.014888514999369312
